 ,Area,Perim.,Major,Minor,Angle,Circ.,AR,Round,Solidity
1,407,75.8406,23.3908,22.1544,18.5890,0.8892,1.0558,0.9471,0.9292
2,425,75.8406,24.5537,22.0385,177.6582,0.9285,1.1141,0.8976,0.9444
3,907,124.3675,42.7025,27.0436,124.2552,0.7369,1.5790,0.6333,0.9222
4,494,88.4264,28.0374,22.4336,77.7866,0.7939,1.2498,0.8001,0.9199
5,547,88.3259,28.4742,24.4594,17.9032,0.8811,1.1641,0.8590,0.9350
6,385,73.6985,24.7432,19.8114,177.4683,0.8907,1.2489,0.8007,0.9530
7,408,75.5980,23.5987,22.0132,19.6950,0.8971,1.0720,0.9328,0.9369
8,583,100.3675,31.4843,23.5768,150.2705,0.7273,1.3354,0.7488,0.8969
9,623,99.1543,31.9348,24.8390,139.2549,0.7963,1.2857,0.7778,0.9115
10,421,78.6690,25.1083,21.3488,45.0201,0.8548,1.1761,0.8503,0.9202
11,463,83.9411,25.8058,22.8441,161.6617,0.8257,1.1297,0.8852,0.9232
12,515,96.8112,32.2957,20.3036,177.1143,0.6905,1.5906,0.6287,0.8941
13,517,89.1543,27.6592,23.7992,175.5821,0.8174,1.1622,0.8604,0.9054
14,396,77.2548,24.5673,20.5233,6.7823,0.8338,1.1970,0.8354,0.9263
15,460,84.9117,28.0305,20.8948,167.2824,0.8017,1.3415,0.7454,0.9118
16,647,97.1543,32.2786,25.5211,176.0396,0.8614,1.2648,0.7907,0.9390
17,533,92.4264,30.6135,22.1679,129.4112,0.7841,1.3810,0.7241,0.9182
18,385,74.0833,25.0354,19.5801,29.5651,0.8815,1.2786,0.7821,0.9333
19,377,74.1838,23.2833,20.6161,123.7022,0.8609,1.1294,0.8854,0.9355
20,463,80.4264,24.8343,23.7378,33.3717,0.8995,1.0462,0.9558,0.9411
21,437,80.9117,25.2226,22.0598,29.4609,0.8388,1.1434,0.8746,0.9190
22,449,82.1838,25.9028,22.0704,60.8510,0.8354,1.1736,0.8520,0.9413
23,405,77.6985,24.1898,21.3174,178.2351,0.8430,1.1347,0.8813,0.9463
24,412,74.1838,23.5162,22.3069,148.4093,0.9408,1.0542,0.9486,0.9526
25,358,70.5269,22.3321,20.4109,86.7396,0.9044,1.0941,0.9140,0.9446
26,689,112.7107,32.8461,26.7082,177.3241,0.6816,1.2298,0.8131,0.8694
27,955,119.2965,41.6047,29.2261,144.5625,0.8433,1.4235,0.7025,0.9404
28,328,69.8406,23.3285,17.9018,24.8792,0.8450,1.3031,0.7674,0.9226
29,443,94.9117,28.1758,20.0188,19.5056,0.6180,1.4075,0.7105,0.8288
30,431,77.5980,24.9651,21.9814,25.1818,0.8995,1.1357,0.8805,0.9390
31,440,77.8406,23.8883,23.4519,155.5015,0.9125,1.0186,0.9817,0.9382
32,433,78.0833,24.9422,22.1036,9.0614,0.8924,1.1284,0.8862,0.9413
33,665,105.4975,32.4714,26.0754,159.8518,0.7508,1.2453,0.8030,0.9110
34,473,86.4264,27.1904,22.1491,102.8295,0.7958,1.2276,0.8146,0.9158
35,354,73.6985,25.4331,17.7220,2.3424,0.8190,1.4351,0.6968,0.9478
36,1093,138.3675,45.9249,30.3028,22.6223,0.7174,1.5155,0.6598,0.9078
37,196,75.2548,17.0948,14.5983,32.3652,0.4349,1.1710,0.8540,0.6633
38,122,49.1127,17.5906,8.8306,154.0438,0.6356,1.9920,0.5020,0.7771
39,547,96.8112,29.4298,23.6652,18.6500,0.7334,1.2436,0.8041,0.8931
40,366,74.8701,24.7065,18.8616,176.1051,0.8205,1.3099,0.7634,0.9242
41,480,82.8112,26.1023,23.4139,78.7005,0.8796,1.1148,0.8970,0.9284
42,1756,174.1665,55.5840,40.2240,86.8167,0.7275,1.3819,0.7237,0.9001
43,381,74.7696,22.5150,21.5458,148.5539,0.8564,1.0450,0.9570,0.9225
44,532,86.1838,28.1089,24.0979,166.3720,0.9001,1.1664,0.8573,0.9475
45,314,65.6985,20.3514,19.6447,65.4641,0.9142,1.0360,0.9653,0.9486
46,373,77.0122,23.1671,20.4997,105.8329,0.7903,1.1301,0.8849,0.8902
47,490,89.9411,30.6993,20.3225,7.0767,0.7612,1.5106,0.6620,0.9193
48,100,60.1838,18.0191,7.0661,4.9888,0.3469,2.5501,0.3921,0.5714
49,438,81.8406,24.3253,22.9259,109.8612,0.8218,1.0610,0.9425,0.9192
50,230,69.5980,20.2151,14.4865,9.8008,0.5967,1.3954,0.7166,0.7863
51,532,89.1543,26.6378,25.4286,34.9402,0.8411,1.0476,0.9546,0.9236
52,950,129.7401,45.0625,26.8422,90.6166,0.7092,1.6788,0.5957,0.9165
53,487,83.8406,26.7954,23.1408,2.2914,0.8706,1.1579,0.8636,0.9321
54,436,76.1838,24.2731,22.8703,176.9156,0.9440,1.0613,0.9422,0.9561
55,420,77.5980,28.1552,18.9933,179.1530,0.8765,1.4824,0.6746,0.9428
56,280,61.4558,19.2367,18.5327,11.2575,0.9316,1.0380,0.9634,0.9573
57,723,111.8406,34.7878,26.4619,41.9627,0.7264,1.3146,0.7607,0.9054
58,421,77.1127,24.7423,21.6646,95.4048,0.8897,1.1421,0.8756,0.9536
59,521,90.0833,27.6139,24.0226,127.4746,0.8068,1.1495,0.8699,0.9205
60,802,113.8823,40.4564,25.2405,147.9965,0.7771,1.6028,0.6239,0.9166
61,327,70.0833,22.8123,18.2511,55.5890,0.8366,1.2499,0.8001,0.9058
62,749,105.6396,34.5157,27.6297,153.1176,0.8434,1.2492,0.8005,0.9392
63,385,79.5980,24.3037,20.1697,138.7740,0.7636,1.2050,0.8299,0.9069
64,84,49.1127,19.6111,5.4537,19.7390,0.4376,3.5960,0.2781,0.7149
65,417,77.5980,24.6418,21.5464,108.8064,0.8703,1.1437,0.8744,0.9392
66,1164,166.5097,39.2693,37.7407,162.8145,0.5276,1.0405,0.9611,0.7799
67,388,79.2548,24.2413,20.3792,1.8289,0.7762,1.1895,0.8407,0.8848
68,463,81.0122,26.2545,22.4537,169.0560,0.8865,1.1693,0.8552,0.9382
69,234,100.4680,20.4415,14.5751,58.2704,0.2913,1.4025,0.7130,0.5342
70,506,86.1838,26.9989,23.8624,81.5991,0.8561,1.1314,0.8838,0.9414
71,153,66.1838,23.1598,8.4114,179.1141,0.4389,2.7534,0.3632,0.6955
72,317,66.1838,21.0557,19.1690,156.6585,0.9094,1.0984,0.9104,0.9393
73,125,66.4264,19.8804,8.0056,179.7642,0.3560,2.4833,0.4027,0.5605
74,480,84.6690,27.4792,22.2406,1.4653,0.8414,1.2355,0.8094,0.9348
75,413,76.5269,23.6392,22.2447,1.9225,0.8862,1.0627,0.9410,0.9429
76,1450,156.8528,50.0805,36.8646,103.3930,0.7406,1.3585,0.7361,0.9250
77,236,64.3848,24.2025,12.4154,175.1605,0.7154,1.9494,0.5130,0.8973
78,406,83.6985,29.5555,17.4904,96.9918,0.7283,1.6898,0.5918,0.9248
79,489,86.0833,29.4070,21.1723,6.7011,0.8292,1.3889,0.7200,0.9288
80,483,83.4975,30.1156,20.4205,172.8575,0.8706,1.4748,0.6781,0.9452
81,539,90.6690,28.0214,24.4911,124.4904,0.8239,1.1441,0.8740,0.9167
82,398,76.6690,25.6764,19.7360,54.4576,0.8508,1.3010,0.7686,0.9277
83,148,67.1127,19.8071,9.5137,2.3830,0.4129,2.0819,0.4803,0.6743
84,277,67.5980,20.2304,17.4336,27.8715,0.7618,1.1604,0.8618,0.8629
85,340,72.7696,23.9738,18.0573,113.4284,0.8068,1.3276,0.7532,0.9164
86,81,43.4558,16.7944,6.1409,150.4969,0.5390,2.7349,0.3656,0.7465
87,417,75.5980,24.4406,21.7237,170.6288,0.9169,1.1251,0.8888,0.9467
88,375,74.7696,23.1211,20.6506,4.2653,0.8429,1.1196,0.8931,0.9225
89,436,80.0833,26.9025,20.6350,28.1727,0.8543,1.3037,0.7670,0.9336
90,468,84.2843,27.8215,21.4178,170.6639,0.8279,1.2990,0.7698,0.9313
91,523,86.4264,29.6699,22.4438,179.3382,0.8799,1.3220,0.7565,0.9492
92,155,78.1838,22.1708,8.9015,16.9130,0.3186,2.4907,0.4015,0.5354
93,125,67.0122,21.3332,7.4604,177.7797,0.3498,2.8595,0.3497,0.5882
94,1402,161.3381,47.6092,37.4945,34.7221,0.6768,1.2698,0.7875,0.9028
95,397,80.5269,26.0622,19.3950,5.4122,0.7693,1.3438,0.7442,0.9095
96,457,83.6985,26.2567,22.1609,170.0141,0.8198,1.1848,0.8440,0.9298
97,394,75.8406,24.7066,20.3046,114.8491,0.8608,1.2168,0.8218,0.9206
98,85,38.6274,15.1732,7.1327,25.5005,0.7159,2.1273,0.4701,0.8333
99,348,73.1127,24.2918,18.2402,167.0085,0.8181,1.3318,0.7509,0.9330
100,359,74.4264,22.4556,20.3554,115.6110,0.8144,1.1032,0.9065,0.9054
101,433,83.2548,24.1745,22.8055,134.9994,0.7850,1.0600,0.9434,0.8946
102,433,77.0122,24.7424,22.2821,6.4851,0.9174,1.1104,0.9006,0.9496
103,421,79.1127,27.1308,19.7574,178.8204,0.8453,1.3732,0.7282,0.9493
104,450,82.6690,24.4273,23.4556,77.5977,0.8274,1.0414,0.9602,0.9202
105,125,63.0122,18.6263,8.5446,162.6071,0.3956,2.1799,0.4587,0.5814
106,363,76.7696,26.0366,17.7514,6.5388,0.7740,1.4667,0.6818,0.9144
107,507,89.0122,31.6507,20.3955,0.8574,0.8041,1.5518,0.6444,0.9269
108,467,83.2548,25.9687,22.8969,2.6743,0.8467,1.1342,0.8817,0.9220
109,440,79.0122,24.1538,23.1941,151.3917,0.8857,1.0414,0.9603,0.9382
110,419,81.0122,28.3396,18.8248,17.4517,0.8023,1.5054,0.6643,0.9001
111,444,87.8406,27.3484,20.6710,115.4029,0.7231,1.3230,0.7558,0.8605
112,341,69.9411,23.5948,18.4013,115.7842,0.8760,1.2822,0.7799,0.9317
113,595,92.3259,31.4907,24.0572,177.7781,0.8772,1.3090,0.7639,0.9551
114,843,122.1249,38.4160,27.9399,69.2646,0.7103,1.3750,0.7273,0.8911
115,509,88.7696,29.5941,21.8989,3.7460,0.8117,1.3514,0.7400,0.9496
116,413,81.3553,25.1908,20.8746,95.7945,0.7841,1.2068,0.8287,0.9219
117,109,55.1127,20.0817,6.9109,4.6513,0.4510,2.9058,0.3441,0.6855
118,855,162.1665,47.7130,22.8160,83.0458,0.4086,2.0912,0.4782,0.7131
119,100,41.7990,17.1751,7.4133,96.4578,0.7192,2.3168,0.4316,0.9009
120,1380,176.0244,49.1487,35.7501,93.7496,0.5597,1.3748,0.7274,0.8239
121,137,67.8406,20.8794,8.3543,0.7545,0.3741,2.4992,0.4001,0.5781
122,125,62.4264,17.9098,8.8865,3.7660,0.4031,2.0154,0.4962,0.5855
123,344,73.9411,24.1062,18.1694,87.0774,0.7907,1.3267,0.7537,0.9149
124,461,85.5980,25.2186,23.2750,133.7841,0.7906,1.0835,0.9229,0.9379
125,496,91.5980,28.4146,22.2255,152.6854,0.7429,1.2785,0.7822,0.9245
126,434,88.7696,27.4793,20.1092,126.1237,0.6921,1.3665,0.7318,0.9127
127,274,81.5980,22.7546,15.3318,177.6110,0.5171,1.4841,0.6738,0.7395
128,522,97.6396,27.8111,23.8980,162.2325,0.6881,1.1637,0.8593,0.8564
129,436,82.0833,25.4676,21.7976,175.8166,0.8132,1.1684,0.8559,0.9198
130,124,63.0122,18.6400,8.4700,7.1396,0.3924,2.2007,0.4544,0.5808
131,391,73.9411,24.9788,19.9304,176.6449,0.8987,1.2533,0.7979,0.9502
132,614,139.9239,39.1925,19.9469,89.9035,0.3941,1.9648,0.5089,0.6567
133,378,75.2548,23.1283,20.8094,37.1861,0.8388,1.1114,0.8997,0.9175
134,121,65.0122,19.8308,7.7688,3.7479,0.3598,2.5526,0.3918,0.5888
135,979,128.4680,40.9933,30.4075,62.0994,0.7454,1.3481,0.7418,0.9197
136,399,78.2843,24.4342,20.7914,161.2600,0.8182,1.1752,0.8509,0.9322
137,674,99.5980,36.2696,23.6607,179.2890,0.8538,1.5329,0.6524,0.9581
138,426,79.6985,26.2563,20.6579,6.4597,0.8428,1.2710,0.7868,0.9616
139,508,122.1249,26.1120,24.7704,56.4888,0.4280,1.0542,0.9486,0.6912
140,987,125.5391,43.1790,29.1041,35.1062,0.7870,1.4836,0.6740,0.9207
141,147,71.2548,20.7961,9.0001,9.3378,0.3638,2.3107,0.4328,0.5731
142,469,82.6690,25.5552,23.3671,12.1822,0.8624,1.0936,0.9144,0.9306
143,539,90.6690,29.2902,23.4303,178.5965,0.8239,1.2501,0.7999,0.9285
144,720,105.3970,35.7921,25.6127,135.0585,0.8145,1.3974,0.7156,0.9219
145,925,120.5685,42.4549,27.7412,111.5866,0.7996,1.5304,0.6534,0.9190
146,197,76.4264,17.7943,14.0960,160.5177,0.4238,1.2624,0.7922,0.6556
147,458,82.0833,24.3961,23.9031,22.9044,0.8542,1.0206,0.9798,0.9225
148,465,81.2548,25.8784,22.8784,160.4593,0.8850,1.1311,0.8841,0.9422
149,391,76.1838,24.5308,20.2943,178.4772,0.8466,1.2088,0.8273,0.9254
150,444,79.4975,25.9808,21.7591,140.6455,0.8828,1.1940,0.8375,0.9357
151,352,72.1838,22.1141,20.2667,33.1410,0.8489,1.0912,0.9165,0.9167
152,327,68.0833,21.2722,19.5725,43.1490,0.8865,1.0868,0.9201,0.9330
153,127,69.0122,19.6353,8.2353,4.6012,0.3351,2.3843,0.4194,0.5303
154,624,101.0122,35.8158,22.1830,75.9534,0.7685,1.6146,0.6194,0.9334
155,403,79.6985,23.1082,22.2049,93.9483,0.7973,1.0407,0.9609,0.9056
156,407,75.6985,22.9889,22.5417,15.3720,0.8925,1.0198,0.9806,0.9543
157,1086,128.9533,42.5017,32.5337,148.7089,0.8207,1.3064,0.7655,0.9403
158,534,93.9828,30.9329,21.9802,179.3069,0.7597,1.4073,0.7106,0.9013
159,421,76.7696,23.5186,22.7919,9.1913,0.8977,1.0319,0.9691,0.9408
160,410,75.2548,23.0720,22.6260,82.3189,0.9098,1.0197,0.9807,0.9393
161,375,77.4558,25.4465,18.7635,10.3363,0.7855,1.3562,0.7374,0.9202
162,469,97.6985,36.6005,16.3153,8.5867,0.6175,2.2433,0.4458,0.8709
163,538,93.5980,30.2206,22.6667,86.4260,0.7717,1.3333,0.7500,0.9260
164,177,83.1543,18.5667,12.1380,165.8181,0.3217,1.5296,0.6538,0.5372
165,402,78.2843,24.1150,21.2251,83.8393,0.8243,1.1362,0.8802,0.9284
166,780,123.0122,43.9809,22.5809,9.5118,0.6478,1.9477,0.5134,0.8478
167,457,79.6985,25.5078,22.8115,117.2506,0.9041,1.1182,0.8943,0.9621
168,244,79.3553,22.5828,13.7569,34.9263,0.4869,1.6416,0.6092,0.7208
169,439,81.8406,24.9573,22.3963,2.7118,0.8236,1.1144,0.8974,0.9184
170,518,92.6690,27.6087,23.8887,170.2465,0.7580,1.1557,0.8653,0.9225
171,385,74.3259,25.1202,19.5140,45.7387,0.8758,1.2873,0.7768,0.9333
172,452,81.0122,25.5103,22.5597,50.2771,0.8655,1.1308,0.8843,0.9329
173,169,64.5269,23.1799,9.2829,2.4333,0.5101,2.4970,0.4005,0.7445
174,488,86.7696,27.8432,22.3157,104.6059,0.8145,1.2477,0.8015,0.9260
175,410,77.8406,23.2746,22.4291,169.4881,0.8503,1.0377,0.9637,0.9203
176,465,79.8406,24.6003,24.0671,13.4591,0.9167,1.0222,0.9783,0.9470
177,415,79.1127,27.8741,18.9565,176.4406,0.8332,1.4704,0.6801,0.9336
178,745,131.6812,31.4261,30.1839,149.1958,0.5399,1.0412,0.9605,0.8142
179,651,102.4680,35.2781,23.4956,70.0039,0.7791,1.5015,0.6660,0.9118
180,489,87.5980,27.6044,22.5549,169.8445,0.8008,1.2239,0.8171,0.9244
181,402,73.5980,23.4866,21.7929,163.9036,0.9326,1.0777,0.9279,0.9481
182,911,119.9828,43.4060,26.7226,85.4924,0.7952,1.6243,0.6156,0.9377
183,912,122.8112,39.4524,29.4328,119.7727,0.7599,1.3404,0.7460,0.9259
184,481,84.0833,26.8850,22.7796,19.5550,0.8549,1.1802,0.8473,0.9331
185,1193,134.2254,44.9936,33.7598,81.1012,0.8321,1.3328,0.7503,0.9372
186,448,79.8406,24.7778,23.0211,39.2909,0.8832,1.0763,0.9291,0.9412
187,798,110.3259,39.9276,25.4472,167.3767,0.8239,1.5690,0.6373,0.9394
188,684,103.2965,35.7549,24.3574,113.7607,0.8056,1.4679,0.6812,0.9325
189,430,75.9411,24.1766,22.6456,64.8015,0.9370,1.0676,0.9367,0.9663
190,406,81.1127,25.5850,20.2047,175.4629,0.7755,1.2663,0.7897,0.9124
191,403,75.5980,22.9766,22.3321,122.4805,0.8861,1.0289,0.9720,0.9372
192,583,114.5685,28.2518,26.2743,104.0116,0.5581,1.0753,0.9300,0.7959
193,631,94.5685,30.7766,26.1047,173.2188,0.8866,1.1790,0.8482,0.9404
194,156,66.6690,22.3097,8.9031,140.3908,0.4410,2.5058,0.3991,0.6638
195,341,71.4975,24.8216,17.4918,42.3279,0.8383,1.4190,0.7047,0.9279
196,2013,210.3087,63.6663,40.2573,171.5924,0.5719,1.5815,0.6323,0.8292
197,498,88.6690,28.0729,22.5866,57.2487,0.7960,1.2429,0.8046,0.9121
198,565,93.8406,28.6748,25.0876,14.7830,0.8063,1.1430,0.8749,0.9224
199,448,82.9117,25.3335,22.5161,64.0372,0.8189,1.1251,0.8888,0.9209
200,745,106.8112,35.5008,26.7195,147.2160,0.8206,1.3287,0.7526,0.9301
201,587,97.1543,29.6467,25.2099,57.2163,0.7815,1.1760,0.8503,0.9059
202,419,82.3848,25.4669,20.9483,164.4033,0.7758,1.2157,0.8226,0.9395
203,375,75.4975,24.7988,19.2535,45.1803,0.8268,1.2880,0.7764,0.9169
204,397,74.4264,22.7817,22.1878,14.3725,0.9006,1.0268,0.9739,0.9352
205,596,95.8406,30.0940,25.2160,126.3058,0.8154,1.1934,0.8379,0.9423
206,440,80.9117,25.6182,21.8682,57.9397,0.8446,1.1715,0.8536,0.9129
207,81,43.4558,17.4269,5.9180,36.2596,0.5390,2.9447,0.3396,0.7751
208,123,59.1127,23.2161,6.7457,21.1059,0.4423,3.4416,0.2906,0.7365
209,713,148.5097,33.8586,26.8121,0.9686,0.4062,1.2628,0.7919,0.6836
210,469,90.7107,33.0679,18.0583,148.7703,0.7163,1.8312,0.5461,0.9028
211,495,103.7401,26.9807,23.3595,45.8048,0.5780,1.1550,0.8658,0.7914
212,886,119.4975,41.0485,27.4819,108.4764,0.7797,1.4937,0.6695,0.9277
213,157,81.3553,21.3489,9.3634,165.9537,0.2981,2.2800,0.4386,0.4914
214,472,83.4975,28.3041,21.2326,179.5982,0.8508,1.3331,0.7502,0.9337
215,193,86.6690,24.8785,9.8774,16.3668,0.3229,2.5187,0.3970,0.5467
216,192,76.3259,22.4720,10.8785,176.7628,0.4142,2.0657,0.4841,0.6358
217,1431,165.5807,59.2858,30.7326,144.0229,0.6559,1.9291,0.5184,0.8647
218,783,126.6102,34.5800,28.8301,151.5614,0.6138,1.1994,0.8337,0.8638
219,522,88.9117,30.2549,21.9677,173.1079,0.8298,1.3772,0.7261,0.9264
220,117,61.0122,20.2764,7.3469,171.4362,0.3950,2.7599,0.3623,0.6094
221,346,70.2843,22.4953,19.5837,89.7074,0.8802,1.1487,0.8706,0.9532
222,122,58.7696,20.0922,7.7311,175.6145,0.4439,2.5989,0.3848,0.6338
223,210,82.5685,21.3303,12.5352,19.8328,0.3871,1.7016,0.5877,0.6297
224,122,67.0122,21.0597,7.3759,1.1637,0.3414,2.8552,0.3502,0.5545
225,972,124.4680,41.1245,30.0937,160.3416,0.7884,1.3665,0.7318,0.9301
226,174,69.0122,24.4485,9.0616,11.1431,0.4591,2.6980,0.3706,0.7088
227,1063,128.4680,42.4219,31.9046,119.8797,0.8094,1.3296,0.7521,0.9211
228,444,79.0122,26.1516,21.6169,3.2181,0.8937,1.2098,0.8266,0.9387
229,169,76.1838,22.3313,9.6357,10.6918,0.3659,2.3176,0.4315,0.5758
230,404,77.6985,25.1864,20.4233,2.6567,0.8409,1.2332,0.8109,0.9439
231,510,90.3259,27.1704,23.8993,77.0502,0.7855,1.1369,0.8796,0.9067
232,124,61.3553,19.6980,8.0151,179.2570,0.4139,2.4576,0.4069,0.6327
233,448,79.5980,24.3040,23.4699,141.6389,0.8886,1.0355,0.9657,0.9471
234,452,79.0122,25.3993,22.6582,168.4685,0.9098,1.1210,0.8921,0.9486
235,535,89.8406,28.3216,24.0517,10.9486,0.8329,1.1775,0.8492,0.9280
236,503,86.4264,28.0640,22.8206,176.3063,0.8462,1.2298,0.8132,0.9272
237,635,98.5685,28.7472,28.1247,177.5735,0.8213,1.0221,0.9783,0.9130
238,906,127.2965,38.4223,30.0231,88.3468,0.7026,1.2798,0.7814,0.8953
239,443,78.4264,24.5427,22.9822,170.9803,0.9051,1.0679,0.9364,0.9386
240,138,67.8406,21.8566,8.0391,179.6503,0.3768,2.7188,0.3678,0.5961
241,448,86.6690,26.1059,21.8499,79.6494,0.7495,1.1948,0.8370,0.8951
242,518,88.6690,27.9095,23.6313,42.7761,0.8279,1.1810,0.8467,0.9209
243,133,62.7696,20.4121,8.2961,9.1328,0.4242,2.4605,0.4064,0.6425
244,414,76.4264,24.9387,21.1366,162.9801,0.8907,1.1799,0.8475,0.9431
245,436,78.6690,24.4774,22.6794,7.2479,0.8853,1.0793,0.9265,0.9277
246,493,83.5980,26.5966,23.6010,7.6379,0.8865,1.1269,0.8874,0.9426
247,438,76.1838,24.2254,23.0204,35.5227,0.9483,1.0523,0.9503,0.9584
248,162,75.8406,20.9006,9.8689,10.1071,0.3539,2.1178,0.4722,0.5606
249,85,49.9411,18.1077,5.9767,18.0900,0.4283,3.0297,0.3301,0.6746
250,570,90.4264,30.2561,23.9868,12.1237,0.8760,1.2614,0.7928,0.9492
251,435,78.4264,24.5559,22.5550,64.9238,0.8887,1.0887,0.9185,0.9395
252,379,77.3553,27.0994,17.8070,97.2977,0.7959,1.5218,0.6571,0.9210
253,1101,136.2670,45.0522,31.1158,114.7497,0.7451,1.4479,0.6907,0.9198
254,459,79.0122,25.2707,23.1263,3.1263,0.9239,1.0927,0.9151,0.9474
255,193,73.2548,24.5588,10.0060,166.9249,0.4520,2.4544,0.4074,0.6772
256,365,72.8701,24.7768,18.7568,90.4145,0.8638,1.3210,0.7570,0.9656
257,455,79.0122,25.4689,22.7463,66.3451,0.9159,1.1197,0.8931,0.9519
258,98,63.0122,19.1127,6.5285,1.9770,0.3102,2.9276,0.3416,0.4987
259,453,81.2548,25.0097,23.0621,29.0469,0.8622,1.0844,0.9221,0.9283
260,535,88.7696,27.0850,25.1499,16.3541,0.8532,1.0769,0.9286,0.9345
261,610,105.1543,30.5331,25.4372,7.2629,0.6932,1.2003,0.8331,0.8478
262,514,89.2548,26.6905,24.5198,99.1734,0.8108,1.0885,0.9187,0.9041
263,417,78.3259,24.7217,21.4767,155.4641,0.8542,1.1511,0.8687,0.9392
264,503,87.4975,27.5354,23.2588,8.7898,0.8256,1.1839,0.8447,0.9196
265,1198,136.6102,45.2908,33.6788,68.1680,0.8067,1.3448,0.7436,0.9269
266,417,75.5980,23.7266,22.3774,110.1694,0.9169,1.0603,0.9431,0.9456
267,455,79.5980,25.1554,23.0298,8.3708,0.9024,1.0923,0.9155,0.9479
268,431,77.6985,24.6626,22.2510,14.8481,0.8971,1.1084,0.9022,0.9610
269,421,79.9411,25.0067,21.4356,99.0879,0.8278,1.1666,0.8572,0.9243
270,459,79.8406,26.0858,22.4036,13.3145,0.9048,1.1644,0.8588,0.9474
271,538,87.2548,28.0126,24.4534,15.4715,0.8880,1.1456,0.8729,0.9472
272,484,84.6690,25.2720,24.3846,131.1573,0.8484,1.0364,0.9649,0.9158
273,676,102.7696,32.6870,26.3319,20.2103,0.8043,1.2413,0.8056,0.9369
274,418,77.1127,24.8582,21.4100,11.0427,0.8834,1.1611,0.8613,0.9554
275,833,121.0538,39.6827,26.7273,130.4689,0.7143,1.4847,0.6735,0.8843
276,527,91.4975,29.9546,22.4004,7.7062,0.7910,1.3372,0.7478,0.9110
277,514,86.6690,27.9472,23.4172,7.8211,0.8599,1.1934,0.8379,0.9345
278,433,77.0122,24.2488,22.7357,16.9657,0.9174,1.0666,0.9376,0.9454
279,645,98.4264,29.8403,27.5211,80.0523,0.8367,1.0843,0.9223,0.9361
280,433,79.1127,24.8003,22.2300,80.6624,0.8694,1.1156,0.8964,0.9454
281,548,90.9117,27.5277,25.3467,19.1312,0.8332,1.0860,0.9208,0.9272
282,537,98.0833,28.6163,23.8930,175.4994,0.7014,1.1977,0.8349,0.8668
283,139,73.4975,21.4500,8.2508,169.8714,0.3234,2.5997,0.3847,0.5101
284,140,65.5980,20.5783,8.6622,172.1149,0.4088,2.3756,0.4209,0.6167
285,606,96.3259,28.7864,26.8038,85.7780,0.8207,1.0740,0.9311,0.9245
286,186,74.1838,22.9862,10.3028,5.1819,0.4247,2.2311,0.4482,0.6655
287,448,80.9117,27.3300,20.8712,138.3234,0.8599,1.3095,0.7637,0.9451
288,131,61.9411,20.3870,8.1814,5.8728,0.4291,2.4919,0.4013,0.6650
289,621,102.9117,30.0862,26.2806,85.7892,0.7368,1.1448,0.8735,0.9052
290,145,65.5980,24.0493,7.6767,175.6810,0.4234,3.1328,0.3192,0.6651
291,151,69.4975,20.2227,9.5071,170.2149,0.3929,2.1271,0.4701,0.6040
292,844,115.1543,41.0292,26.1914,78.8482,0.7998,1.5665,0.6384,0.9399
293,530,90.9117,27.2109,24.7995,78.9569,0.8058,1.0972,0.9114,0.9146
294,195,81.7401,20.4222,12.1574,18.2516,0.3668,1.6798,0.5953,0.5847
295,88,53.2132,21.2128,5.2820,12.5448,0.3905,4.0161,0.2490,0.7040
296,130,66.7696,21.8423,7.5780,1.2394,0.3664,2.8823,0.3469,0.6019
297,1404,165.2376,58.7522,30.4266,74.4936,0.6462,1.9310,0.5179,0.8839
298,426,84.6690,24.8644,21.8143,112.0783,0.7467,1.1398,0.8773,0.9083
299,352,78.7696,25.2474,17.7516,4.2717,0.7129,1.4223,0.7031,0.8745
300,1145,137.6396,47.2688,30.8419,8.6782,0.7595,1.5326,0.6525,0.9234
301,628,98.0833,31.1584,25.6622,78.3939,0.8203,1.2142,0.8236,0.9148
302,513,100.4680,29.4753,22.1600,86.8927,0.6387,1.3301,0.7518,0.8382
303,669,116.1249,36.2081,23.5250,60.5064,0.6234,1.5391,0.6497,0.8479
304,547,90.3259,29.0137,24.0046,10.8110,0.8425,1.2087,0.8274,0.9319
305,482,82.4264,26.5980,23.0732,172.4788,0.8915,1.1528,0.8675,0.9387
306,508,88.6690,28.6142,22.6043,78.6885,0.8120,1.2659,0.7900,0.9137
307,463,82.7696,24.5845,23.9790,176.0061,0.8493,1.0253,0.9754,0.9363
308,485,86.5685,28.0547,22.0113,7.8653,0.8133,1.2746,0.7846,0.9229
309,163,88.0833,20.2191,10.2644,140.5966,0.2640,1.9698,0.5077,0.4534
310,535,90.2254,28.0833,24.2558,119.3215,0.8259,1.1578,0.8637,0.9208
311,151,59.0122,19.6690,9.7747,125.5969,0.5449,2.0122,0.4970,0.8053
312,584,100.6690,28.5511,26.0436,108.9658,0.7242,1.0963,0.9122,0.8842
313,404,74.2843,22.9730,22.3911,167.9395,0.9200,1.0260,0.9747,0.9677
314,330,142.0244,21.7439,19.3235,13.9196,0.2056,1.1253,0.8887,0.5800
315,494,92.8112,29.7902,21.1137,36.3750,0.7207,1.4109,0.7087,0.8599
316,461,81.5980,26.2941,22.3230,3.7553,0.8701,1.1779,0.8490,0.9476
317,405,76.0833,23.8138,21.6539,76.5338,0.8792,1.0997,0.9093,0.9194
318,352,70.9117,23.7055,18.9061,143.1862,0.8797,1.2539,0.7975,0.9337
319,139,53.6985,15.8254,11.1833,135.1061,0.6058,1.4151,0.7067,0.7453
320,148,68.7696,20.6206,9.1384,173.7271,0.3933,2.2565,0.4432,0.6192
321,516,93.2965,27.8069,23.6269,159.1775,0.7450,1.1769,0.8497,0.8927
322,120,63.0122,19.3742,7.8862,0.4470,0.3798,2.4567,0.4070,0.5783
323,548,90.0416,27.9577,24.9568,39.1743,0.8494,1.1202,0.8927,0.9648
324,414,78.4264,24.8977,21.1715,85.5272,0.8458,1.1760,0.8503,0.9345
325,385,74.2843,25.3065,19.3704,81.6633,0.8768,1.3065,0.7654,0.9589
326,532,88.6690,27.4728,24.6558,65.2544,0.8503,1.1143,0.8975,0.9293
327,105,60.1838,18.9343,7.0607,2.9526,0.3643,2.6816,0.3729,0.5691
328,100,57.2132,22.6682,5.6168,9.9384,0.3839,4.0358,0.2478,0.7092
329,911,121.5391,40.8851,28.3703,156.0217,0.7750,1.4411,0.6939,0.9268
330,523,86.0833,26.3897,25.2335,1.7613,0.8869,1.0458,0.9562,0.9364
331,195,81.2548,23.2236,10.6909,16.8094,0.3711,2.1723,0.4603,0.5636
332,467,80.1838,24.6657,24.1064,51.0087,0.9128,1.0232,0.9773,0.9521
333,393,76.2843,27.8727,17.9524,0.3551,0.8487,1.5526,0.6441,0.9539
334,538,89.4975,29.5816,23.1564,10.3528,0.8441,1.2775,0.7828,0.9276
335,93,45.1127,18.2249,6.4972,48.6732,0.5742,2.8050,0.3565,0.7750
336,159,75.4975,21.7773,9.2961,172.7159,0.3505,2.3426,0.4269,0.5511
337,173,92.3259,21.1250,10.4270,159.5584,0.2550,2.0260,0.4936,0.4385
338,114,57.9411,19.2655,7.5342,6.1330,0.4267,2.5571,0.3911,0.6369
339,483,82.0833,26.7176,23.0176,168.6433,0.9008,1.1607,0.8615,0.9443
340,560,97.6396,31.4044,22.7043,6.3573,0.7382,1.3832,0.7230,0.8889
341,257,105.0538,20.7450,15.7736,128.3120,0.2926,1.3152,0.7604,0.5468
342,93,56.6274,24.3552,4.8618,2.6814,0.3645,5.0094,0.1996,0.7381
343,1125,145.0538,48.7987,29.3531,117.0803,0.6719,1.6625,0.6015,0.8786
344,122,66.4264,20.7249,7.4951,175.7931,0.3474,2.7651,0.3616,0.5728
345,679,141.2965,39.2863,22.0059,137.0774,0.4274,1.7853,0.5601,0.6821
346,85,43.6985,18.0041,6.0111,40.8804,0.5594,2.9951,0.3339,0.7763
347,644,101.4975,30.0550,27.2822,159.9425,0.7856,1.1016,0.9077,0.9102
348,95,53.6985,20.3702,5.9380,165.4141,0.4140,3.4305,0.2915,0.6597
349,108,60.4264,19.0021,7.2366,164.6311,0.3717,2.6258,0.3808,0.5567
350,578,116.5685,29.7837,24.7092,72.1586,0.5345,1.2054,0.8296,0.7940
351,83,41.6985,15.4120,6.8569,138.8149,0.5999,2.2477,0.4449,0.7313
352,890,126.2254,37.4885,30.2275,6.1966,0.7020,1.2402,0.8063,0.8900
353,534,88.6690,30.1412,22.5575,12.3147,0.8535,1.3362,0.7484,0.9385
354,1427,151.0955,55.9294,32.4859,120.4170,0.7855,1.7217,0.5808,0.9379
355,448,139.8823,26.9796,21.1423,96.7959,0.2877,1.2761,0.7836,0.6951
356,492,83.0122,25.5856,24.4839,67.7472,0.8972,1.0450,0.9569,0.9516
357,139,66.4264,21.5850,8.1992,0.1988,0.3959,2.6326,0.3799,0.6304
358,958,128.3259,38.6395,31.5678,91.7679,0.7310,1.2240,0.8170,0.8765
359,82,49.5563,21.1638,4.9332,0.5402,0.4196,4.2900,0.2331,0.9061
360,402,76.7696,22.9253,22.3265,169.8652,0.8572,1.0268,0.9739,0.9360
361,742,111.7817,35.7513,26.4254,98.9844,0.7462,1.3529,0.7391,0.9027
362,472,83.3970,26.0596,23.0613,150.3512,0.8528,1.1300,0.8849,0.9165
363,413,78.8701,28.4379,18.4911,176.4136,0.8343,1.5379,0.6502,0.9650
364,80,39.2132,12.8646,7.9178,65.7240,0.6538,1.6248,0.6155,0.8556
365,488,90.6690,27.2626,22.7910,155.5307,0.7460,1.1962,0.8360,0.8979
366,1605,175.0955,58.3331,35.0324,96.0760,0.6579,1.6651,0.6006,0.8959
367,498,83.8406,25.8729,24.5072,31.1417,0.8903,1.0557,0.9472,0.9423
368,448,79.2548,24.4163,23.3619,149.4759,0.8963,1.0451,0.9568,0.9382
369,81,49.9411,16.5548,6.2298,4.4160,0.4081,2.6574,0.3763,0.5806
370,112,62.4853,31.8368,4.4792,0.5361,0.3605,7.1077,0.1407,0.9868
371,441,80.8112,24.5013,22.9171,154.9410,0.8486,1.0691,0.9353,0.9187
372,426,77.0122,24.5621,22.0828,10.3329,0.9026,1.1123,0.8991,0.9404
373,273,75.3553,26.1892,13.2724,165.5771,0.6041,1.9732,0.5068,0.9085
374,359,73.5980,24.6343,18.5552,65.5995,0.8329,1.3276,0.7532,0.9217
375,494,83.4975,26.1149,24.0851,166.9769,0.8904,1.0843,0.9223,0.9418
376,826,127.4386,37.7176,27.8834,162.7889,0.6391,1.3527,0.7393,0.8863
377,455,79.5980,24.8384,23.3238,99.0041,0.9024,1.0649,0.9390,0.9420
378,385,75.1543,25.9060,18.9222,149.1598,0.8566,1.3691,0.7304,0.9322
379,734,106.5685,38.0400,24.5678,114.9914,0.8122,1.5484,0.6458,0.9338
380,480,83.8406,26.9180,22.7043,3.7213,0.8581,1.1856,0.8435,0.9311
381,618,98.6690,31.5798,24.9166,20.2907,0.7977,1.2674,0.7890,0.9142
382,587,112.5685,32.2445,23.1789,134.1635,0.5821,1.3911,0.7188,0.7895
383,234,106.7107,20.1487,14.7870,115.3335,0.2582,1.3626,0.7339,0.5081
384,508,92.9117,26.5485,24.3632,71.1379,0.7395,1.0897,0.9177,0.8928
385,561,96.3259,31.8696,22.4128,164.3047,0.7598,1.4219,0.7033,0.9048
386,560,91.0122,29.5771,24.1070,65.7043,0.8496,1.2269,0.8151,0.9444
387,477,84.3259,25.8037,23.5367,71.7217,0.8430,1.0963,0.9121,0.9280
388,928,121.9828,41.9225,28.1845,7.2230,0.7837,1.4874,0.6723,0.9294
389,395,74.7696,22.6464,22.2079,1.0601,0.8879,1.0197,0.9806,0.9371
390,921,125.2965,38.3991,30.5385,74.1958,0.7372,1.2574,0.7953,0.8990
391,512,84.0833,26.9661,24.1748,17.0067,0.9100,1.1155,0.8965,0.9455
392,134,68.7696,20.7566,8.2197,11.9710,0.3561,2.5252,0.3960,0.5583
393,531,92.3259,30.6258,22.0759,177.6713,0.7828,1.3873,0.7208,0.9147
394,466,79.5980,25.3789,23.3788,14.7315,0.9243,1.0856,0.9212,0.9510
395,343,71.9411,23.1865,18.8352,166.7365,0.8328,1.2310,0.8123,0.9333
396,559,92.8701,28.4660,25.0032,98.2209,0.8145,1.1385,0.8784,0.9403
397,545,96.6690,27.6834,25.0661,125.9523,0.7329,1.1044,0.9055,0.9023
398,1253,147.2965,50.1093,31.8378,5.7121,0.7257,1.5739,0.6354,0.9230
399,506,83.0122,26.8434,24.0007,9.7026,0.9227,1.1184,0.8941,0.9520
400,369,73.3553,24.2014,19.4131,90.1987,0.8617,1.2467,0.8021,0.9498
401,474,89.8406,26.8664,22.4636,150.1376,0.7380,1.1960,0.8361,0.9133
402,155,70.0416,21.8775,9.0208,171.5709,0.3970,2.4252,0.4123,0.6200
403,477,81.0122,25.8572,23.4881,18.6688,0.9133,1.1009,0.9084,0.9493
404,671,107.2548,37.1155,23.0185,175.9385,0.7330,1.6124,0.6202,0.8989
405,473,84.1838,26.2898,22.9078,170.0759,0.8387,1.1476,0.8714,0.9131
406,151,68.7696,29.4021,6.5390,18.8402,0.4012,4.4965,0.2224,0.7607
407,98,48.6274,19.5153,6.3938,105.4157,0.5208,3.0522,0.3276,0.8448
408,507,92.0833,29.6967,21.7375,112.2621,0.7514,1.3661,0.7320,0.9062
409,197,72.4264,18.1830,13.7946,177.0982,0.4719,1.3181,0.7587,0.6747
410,97,40.8701,15.8052,7.8141,153.1515,0.7297,2.0226,0.4944,0.8546
411,455,79.9411,24.6429,23.5088,60.1634,0.8947,1.0482,0.9540,0.9459
412,474,80.4264,25.0940,24.0501,17.1631,0.9209,1.0434,0.9584,0.9452
413,1709,178.6102,54.8210,39.6922,65.5151,0.6732,1.3812,0.7240,0.8769
414,124,50.2843,20.6635,7.6406,35.0775,0.6163,2.7044,0.3698,0.7923
415,103,65.0122,17.5727,7.4629,169.7075,0.3062,2.3547,0.4247,0.4703
416,348,71.4558,23.4396,18.9034,171.0774,0.8565,1.2400,0.8065,0.9574
417,159,72.5269,22.0239,9.1921,175.2080,0.3798,2.3960,0.4174,0.6023
418,162,67.0122,22.5204,9.1590,3.6796,0.4533,2.4588,0.4067,0.6821
419,899,125.5391,38.4913,29.7377,53.6601,0.7168,1.2944,0.7726,0.9122
420,548,92.9117,30.3512,22.9887,93.9016,0.7977,1.3203,0.7574,0.9164
421,425,76.1838,23.7131,22.8197,152.8849,0.9202,1.0391,0.9623,0.9476
422,477,82.4264,24.7342,24.5544,14.3352,0.8823,1.0073,0.9927,0.9436
423,479,84.0833,25.8478,23.5951,140.2124,0.8514,1.0955,0.9128,0.9337
424,896,121.0538,39.3316,29.0053,173.9259,0.7684,1.3560,0.7375,0.9194
425,631,135.0955,38.8254,20.6930,87.4387,0.4345,1.8763,0.5330,0.6866
426,130,67.2548,17.3339,9.5490,2.0927,0.3612,1.8153,0.5509,0.5843
427,153,72.4264,22.9483,8.4889,7.7031,0.3665,2.7033,0.3699,0.5806
428,764,109.8823,34.7998,27.9529,176.7360,0.7951,1.2449,0.8032,0.9210
429,1566,177.7229,59.8837,33.2961,35.3005,0.6230,1.7985,0.5560,0.8840
430,332,116.3675,24.5842,17.1946,150.7972,0.3081,1.4298,0.6994,0.5575
431,84,45.1127,19.4165,5.5083,25.6243,0.5187,3.5249,0.2837,0.7636
432,90,51.0122,20.8055,5.5077,132.0514,0.4346,3.7775,0.2647,0.7725
433,142,68.6690,21.2320,8.5155,177.1852,0.3784,2.4933,0.4011,0.5844
434,223,94.5685,20.3497,13.9526,37.0943,0.3133,1.4585,0.6856,0.5210
435,865,120.1249,35.7640,30.7950,92.3035,0.7533,1.1614,0.8611,0.9086
436,1030,129.1960,44.5241,29.4545,78.0066,0.7754,1.5116,0.6615,0.9242
437,456,89.3970,28.3974,20.4455,77.9888,0.7170,1.3889,0.7200,0.8711
438,495,86.6690,25.7508,24.4751,157.2065,0.8281,1.0521,0.9505,0.9209
439,139,55.9411,18.0283,9.8168,152.4358,0.5582,1.8365,0.5445,0.7765
440,589,100.3259,31.8911,23.5156,133.9742,0.7354,1.3562,0.7374,0.8884
441,595,92.6690,29.8324,25.3945,3.0574,0.8707,1.1748,0.8512,0.9385
442,741,111.2965,35.1025,26.8776,97.5019,0.7517,1.3060,0.7657,0.9048
443,446,85.0538,28.6904,19.7929,146.7836,0.7747,1.4495,0.6899,0.9111
444,833,117.7817,40.9974,25.8701,129.4801,0.7546,1.5847,0.6310,0.9114
445,541,88.0833,27.8953,24.6931,125.6333,0.8762,1.1297,0.8852,0.9417
446,501,83.8406,25.7718,24.7516,163.1740,0.8957,1.0412,0.9604,0.9400
447,117,61.5980,27.4679,5.4234,112.2002,0.3875,5.0647,0.1974,0.7134
448,415,79.0122,23.3868,22.5937,52.5687,0.8354,1.0351,0.9661,0.9192
449,170,69.9411,20.4971,10.5601,99.3596,0.4367,1.9410,0.5152,0.6564
450,127,64.6690,20.4015,7.9259,57.8409,0.3816,2.5740,0.3885,0.5991
451,115,50.1838,16.2840,8.9918,19.6732,0.5738,1.8110,0.5522,0.7419
